{
  "_meta": {
    "sources": [
      "loopback/common/models",
      "loopback/server/models",
      "../common/models",
      "./models"
    ],
    "mixins": [
      "loopback/common/mixins",
      "loopback/server/mixins",
      "../common/mixins",
      "./mixins"
    ]
  },
  "User": {
    "dataSource": "db"
  },
  "AccessToken": {
    "dataSource": "db",
    "public": false
  },
  "ACL": {
    "dataSource": "db",
    "public": false
  },
  "RoleMapping": {
    "dataSource": "db",
    "public": false,
    "options": {
      "strictObjectIDCoercion": true
    }
  },
  "Role": {
    "dataSource": "db",
    "public": false
  },
  "ativo": {
    "dataSource": "mysqlDS",
    "public": true
  },
  "AtivoOpcao": {
    "dataSource": "mysqlDS",
    "public": true
  },
  "AtivoAcao": {
    "dataSource": "mysqlDS",
    "public": true
  },
  "AtivoMercadoria": {
    "dataSource": "mysqlDS",
    "public": true
  },
  "AtivoImobiliario": {
    "dataSource": "mysqlDS",
    "public": true
  },
  "CotacaoIntradayOpcao": {
    "dataSource": "mysqlDS",
    "public": true
  },
  "CotacaoIntradayAcao": {
    "dataSource": "mysqlDS",
    "public": true
  },
  "CotacaoIntradayImobiliario": {
    "dataSource": "mysqlDS",
    "public": true
  },
  "CotacaoIntradayMercadoria": {
    "dataSource": "mysqlDS",
    "public": true
  },
  "DataSet": {
    "dataSource": "mysqlDS",
    "public": true
  },
  "AtributoDataSet": {
    "dataSource": "mysqlDS",
    "public": true
  },
  "StartupFundo": {
    "dataSource": "mysqlDS",
    "public": true
  },
  "StartupEmpresa": {
    "dataSource": "mysqlDS",
    "public": true
  },
  "StartupInvestimento": {
    "dataSource": "mysqlDS",
    "public": true
  },
  "IdeiaExperimento": {
    "dataSource": "mysqlDS",
    "public": true
  },
  "DiaPregao": {
    "dataSource": "mysqlDS",
    "public": true
  },
  "RegraSimulacao": {
    "dataSource": "mysqlDS",
    "public": true
  },
  "ParametroRegra": {
    "dataSource": "mysqlDS",
    "public": true
  },
  "ExperimentoSimulacao": {
    "dataSource": "mysqlDS",
    "public": true
  },
  "ExperimentoParametro": {
    "dataSource": "mysqlDS",
    "public": true
  },
  "ExperimentoAcao": {
    "dataSource": "mysqlDS",
    "public": true
  },
  "GrupoAcao": {
    "dataSource": "mysqlDS",
    "public": true
  },
  "RelGrupoAcao": {
    "dataSource": "mysqlDS",
    "public": true
  },
  "CotacaoDiarioAcao": {
    "dataSource": "mysqlDS",
    "public": true
  },
  "CombinacaoParametro": {
    "dataSource": "mysqlDS",
    "public": true
  },
  "ValorParametro": {
    "dataSource": "mysqlDS",
    "public": true
  },
  "ExecucaoSimulacao": {
    "dataSource": "mysqlDS",
    "public": true
  },
  "Trade": {
    "dataSource": "mysqlDS",
    "public": true
  },
  "ValorMonitoria": {
    "dataSource": "mysqlDS",
    "public": true
  },
  "TradeReal": {
    "dataSource": "mysqlDS",
    "public": true
  },
  "PeriodoExperimento": {
    "dataSource": "mysqlDS",
    "public": true
  },
  "OrdemCompra": {
    "dataSource": "mysqlDS",
    "public": true
  },
  "ExperimentoSimulacaoPeriodo": {
    "dataSource": "mysqlDS",
    "public": true
  },
  "FundoImobiliario": {
    "dataSource": "mysqlDS",
    "public": true
  },
  "CDB": {
    "dataSource": "mysqlDS",
    "public": true
  },
  "RendaFixa": {
    "dataSource": "mysqlDS",
    "public": true
  },
  "AluguelFundoImobiliario": {
    "dataSource": "mysqlDS",
    "public": true
  }
}
