{
  "name": "ExecucaoSimulacao",
  "base": "PersistedModel",
  "idInjection": true,
  "options": {
    "validateUpsert": true
  },
  "properties": {
    "ticker": {
      "type": "string"
    },
    "quantidadeLucro": {
      "type": "number"
    },
    "quantidadePrejuizo": {
      "type": "number"
    },
    "target": {
      "type": "number"
    },
    "stop": {
      "type": "number"
    },
    "resultado": {
      "type": "number"
    },
    "monitorar": {
      "type": "number"
    },
    "precoEntrada": {
      "type": "number"
    },
    "dataNumEntrada": {
      "type": "number"
    },
    "mediaDiaTrade": {
      "type": "number"
    },
    "maximoDiaTrade": {
      "type": "number"
    },
    "favorito": {
      "type": "number"
    },
    "primeiraEntrada": {
      "type": "string"
    },
    "tipo": {
      "type": "string"
    }
  },
  "validations": [],
  "relations": {
    "trades": {
      "type": "hasMany",
      "model": "Trade",
      "foreignKey": ""
    },
    "combinacaoParametro": {
      "type": "belongsTo",
      "model": "CombinacaoParametro",
      "foreignKey": ""
    },
    "valorMonitorias": {
      "type": "hasMany",
      "model": "ValorMonitoria",
      "foreignKey": ""
    },
    "regraSimulacao": {
      "type": "belongsTo",
      "model": "RegraSimulacao",
      "foreignKey": ""
    },
    "ativoAcao": {
      "type": "belongsTo",
      "model": "AtivoAcao",
      "foreignKey": "ticker"
    },
    "tradeReals": {
      "type": "hasMany",
      "model": "TradeReal",
      "foreignKey": ""
    },
    "ordemCompras": {
      "type": "hasMany",
      "model": "OrdemCompra",
      "foreignKey": ""
    },
    "periodoExperimento": {
      "type": "belongsTo",
      "model": "PeriodoExperimento",
      "foreignKey": ""
    }
  },
  "acls": [],
  "methods": {
    "CalculaMaximoMedioGeral": {
      "accepts": [],
      "returns": [
        {
          "arg": "result",
          "type": "object",
          "root": true,
          "description": ""
        }
      ],
      "description": "",
      "http": [
        {
          "path": "/calculaMaximoMedioGeral",
          "verb": "post"
        }
      ]
    },
    "InsereExecucaoSimulacao": {
      "accepts": [
        {
          "arg": "execucao",
          "type": "object",
          "required": false,
          "description": ""
        }
      ],
      "returns": [
        {
          "arg": "saida",
          "type": "object",
          "root": true,
          "description": ""
        }
      ],
      "description": "",
      "http": [
        {
          "path": "/insereExecucaoSimulacao",
          "verb": "post"
        }
      ]
    },
    "ListaMonitorar": {
      "accepts": [],
      "returns": [
        {
          "arg": "lista",
          "type": "array",
          "root": true,
          "description": ""
        }
      ],
      "description": "",
      "http": [
        {
          "path": "/listaMonitorar",
          "verb": "get"
        }
      ]
    },
    "AtualizaMonitoria": {
      "accepts": [
        {
          "arg": "idExecucao",
          "type": "number",
          "required": false,
          "description": ""
        },
        {
          "arg": "diaNum",
          "type": "number",
          "required": false,
          "description": ""
        },
        {
          "arg": "preco",
          "type": "number",
          "required": false,
          "description": ""
        }
      ],
      "returns": [
        {
          "arg": "resultado",
          "type": "object",
          "root": true,
          "description": ""
        }
      ],
      "description": "",
      "http": [
        {
          "path": "/atualizaMonitoria",
          "verb": "post"
        }
      ]
    },
    "ObtemMonitorarPorId": {
      "accepts": [
        {
          "arg": "idExecucao",
          "type": "number",
          "required": false,
          "description": ""
        }
      ],
      "returns": [
        {
          "arg": "execucao",
          "type": "object",
          "root": true,
          "description": ""
        }
      ],
      "description": "",
      "http": [
        {
          "path": "/obtemMonitorarPorId",
          "verb": "get"
        }
      ]
    },
    "LigaMonitoria": {
      "accepts": [
        {
          "arg": "idExecucao",
          "type": "number",
          "required": false,
          "description": ""
        }
      ],
      "returns": [
        {
          "arg": "saida",
          "type": "object",
          "root": true,
          "description": ""
        }
      ],
      "description": "Faz todos os procedimentos necessários para a criação de um novo item de monitoria",
      "http": [
        {
          "path": "/ligaMonitoria",
          "verb": "post"
        }
      ]
    },
    "ListaNovaMonitoria": {
      "accepts": [],
      "returns": [
        {
          "arg": "listaItem",
          "type": "array",
          "root": true,
          "description": ""
        }
      ],
      "description": "Retorna todas as execuções que foram marcadas recentemente para monitoria e não estão com ValorMonitoria ainda.",
      "http": [
        {
          "path": "/listaNovaMonitoria",
          "verb": "get"
        }
      ]
    },
    "ObtemProximoMonitorar": {
      "accepts": [],
      "returns": [
        {
          "arg": "execucao",
          "type": "object",
          "root": true,
          "description": ""
        }
      ],
      "description": "",
      "http": [
        {
          "path": "/obtemProximoMonitorar",
          "verb": "get"
        }
      ]
    }
  }
}
