{
  "name": "ExperimentoSimulacaoPeriodo",
  "base": "PersistedModel",
  "idInjection": true,
  "options": {
    "validateUpsert": true
  },
  "properties": {
    "concluido": {
      "type": "number"
    },
    "experimentoSimulacaoId": {
      "type": "number",
      "id": true
    },
    "periodoExperimentoId": {
      "type": "number",
      "id": true
    }
  },
  "validations": [],
  "relations": {
    "periodoExperimento": {
      "type": "belongsTo",
      "model": "PeriodoExperimento",
      "foreignKey": ""
    }
  },
  "acls": [],
  "methods": {
    "AtualizaPorExperimento": {
      "accepts": [
        {
          "arg": "idExperimento",
          "type": "number",
          "required": false,
          "description": ""
        },
        {
          "arg": "lista",
          "type": "array",
          "required": false,
          "description": ""
        }
      ],
      "returns": [
        {
          "arg": "result",
          "type": "object",
          "root": true,
          "description": ""
        }
      ],
      "description": "",
      "http": [
        {
          "path": "/atualizaPorExperimento",
          "verb": "post"
        }
      ]
    }
  }
}
