{
  "name": "FundoImobiliario",
  "base": "PersistedModel",
  "idInjection": true,
  "options": {
    "validateUpsert": true
  },
  "properties": {
    "ticker": {
      "type": "string",
      "id": true
    },
    "nome": {
      "type": "string"
    },
    "segmento": {
      "type": "string"
    },
    "administrador": {
      "type": "string"
    },
    "descricao": {
      "type": "string"
    },
    "percentual12": {
      "type": "number"
    },
    "percentual6": {
      "type": "number"
    },
    "mediaNegocio1": {
      "type": "number"
    },
    "mediaNegocio3": {
      "type": "number"
    },
    "mediaNegocio4": {
      "type": "number"
    },
    "precoAtual": {
      "type": "number"
    },
    "preco6": {
      "type": "number"
    },
    "preco12": {
      "type": "number"
    },
    "dataInsercao": {
      "type": "date"
    },
    "maximo3": {
      "type": "number"
    },
    "maximo1": {
      "type": "number"
    },
    "minimo3": {
      "type": "number"
    },
    "minimo1": {
      "type": "number"
    },
    "totalAluguel3": {
      "type": "number"
    },
    "totalAluguel6": {
      "type": "number"
    },
    "mediaPercentualAluguel3": {
      "type": "number"
    },
    "mediaPercentualAluguel6": {
      "type": "number"
    }
  },
  "validations": [],
  "relations": {
    "aluguelFundoImobiliarios": {
      "type": "hasMany",
      "model": "AluguelFundoImobiliario",
      "foreignKey": "ticker"
    }
  },
  "acls": [],
  "methods": {
    "InsereSeNaoExiste": {
      "accepts": [
        {
          "arg": "fundo",
          "type": "object",
          "required": false,
          "description": ""
        }
      ],
      "returns": [
        {
          "arg": "saida",
          "type": "object",
          "root": true,
          "description": ""
        }
      ],
      "description": "",
      "http": [
        {
          "path": "/insereSeNaoExiste",
          "verb": "post"
        }
      ]
    },
    "AtualizaMetricaFundoImobiliario": {
      "accepts": [],
      "returns": [
        {
          "arg": "saida",
          "type": "object",
          "root": true,
          "description": ""
        }
      ],
      "description": "",
      "http": [
        {
          "path": "/atualizaMetricaFundoImobiliario",
          "verb": "post"
        }
      ]
    },
    "Melhores6M": {
      "accepts": [
        {
          "arg": "quantidade",
          "type": "number",
          "required": false,
          "description": ""
        }
      ],
      "returns": [
        {
          "arg": "lista",
          "type": "array",
          "root": true,
          "description": ""
        }
      ],
      "description": "",
      "http": [
        {
          "path": "/melhores6M",
          "verb": "get"
        }
      ]
    },
    "ListaAluguel": {
      "accepts": [],
      "returns": [
        {
          "arg": "lista",
          "type": "array",
          "root": true,
          "description": ""
        }
      ],
      "description": "",
      "http": [
        {
          "path": "/listaAluguel",
          "verb": "get"
        }
      ]
    },
    "AtualizaDiarioFII": {
      "accepts": [],
      "returns": [
        {
          "arg": "saida",
          "type": "object",
          "root": true,
          "description": ""
        }
      ],
      "description": "",
      "http": [
        {
          "path": "/atualizaDiarioFII",
          "verb": "post"
        }
      ]
    },
    "MelhoresAluguel": {
      "accepts": [
        {
          "arg": "quantidade",
          "type": "number",
          "required": false,
          "description": ""
        }
      ],
      "returns": [
        {
          "arg": "lista",
          "type": "array",
          "root": true,
          "description": ""
        }
      ],
      "description": "",
      "http": [
        {
          "path": "/melhoresAluguel",
          "verb": "get"
        }
      ]
    }
  }
}
