{
  "name": "RelGrupoAcao",
  "base": "PersistedModel",
  "idInjection": true,
  "options": {
    "validateUpsert": true
  },
  "properties": {
    "ticker": {
      "type": "string",
      "id": true
    },
    "grupoAcaoId": {
      "type": "number",
      "id": true
    }
  },
  "validations": [],
  "relations": {
    "ativoAcao": {
      "type": "belongsTo",
      "model": "AtivoAcao",
      "foreignKey": "ticker"
    },
    "grupoAcao": {
      "type": "belongsTo",
      "model": "GrupoAcao",
      "foreignKey": ""
    }
  },
  "acls": [],
  "methods": {
    "AtualizaPorGrupoAcao": {
      "accepts": [
        {
          "arg": "idGrupo",
          "type": "number",
          "required": false,
          "description": ""
        },
        {
          "arg": "listaAtivo",
          "type": "array",
          "required": false,
          "description": ""
        }
      ],
      "returns": [
        {
          "arg": "resultado",
          "type": "object",
          "root": true,
          "description": ""
        }
      ],
      "description": "",
      "http": [
        {
          "path": "/atualizaPorGrupoAcao",
          "verb": "post"
        }
      ]
    }
  }
}
