{
  "name": "StartupInvestimento",
  "base": "PersistedModel",
  "idInjection": true,
  "options": {
    "validateUpsert": true
  },
  "properties": {
    "valor": {
      "type": "number"
    },
    "data": {
      "type": "string"
    },
    "valorReal": {
      "type": "number"
    },
    "moeda": {
      "type": "string"
    },
    "tipo": {
      "type": "string"
    }
  },
  "validations": [],
  "relations": {
    "startupEmpresa": {
      "type": "belongsTo",
      "model": "StartupEmpresa",
      "foreignKey": ""
    },
    "startupFundo": {
      "type": "belongsTo",
      "model": "StartupFundo",
      "foreignKey": ""
    }
  },
  "acls": [],
  "methods": {}
}
