{
  "name": "StartupEmpresa",
  "base": "PersistedModel",
  "idInjection": true,
  "options": {
    "validateUpsert": true
  },
  "properties": {
    "nome": {
      "type": "string"
    },
    "url": {
      "type": "string"
    },
    "descricao": {
      "type": "string"
    },
    "tipo": {
      "type": "string"
    },
    "tamanho": {
      "type": "string"
    },
    "fundacao": {
      "type": "number"
    }
  },
  "validations": [],
  "relations": {
    "startupInvestimentos": {
      "type": "hasMany",
      "model": "StartupInvestimento",
      "foreignKey": ""
    }
  },
  "acls": [],
  "methods": {}
}
