{
  "name": "ValorParametro",
  "base": "PersistedModel",
  "idInjection": true,
  "options": {
    "validateUpsert": true
  },
  "properties": {
    "parametroRegraId": {
      "type": "number",
      "id": true
    },
    "valorParametro": {
      "type": "number"
    },
    "combinacaoParametroId": {
      "type": "number",
      "id": true
    }
  },
  "validations": [],
  "relations": {
    "parametroRegra": {
      "type": "belongsTo",
      "model": "ParametroRegra",
      "foreignKey": ""
    }
  },
  "acls": [],
  "methods": {}
}
