{
  "name": "CombinacaoParametro",
  "base": "PersistedModel",
  "idInjection": true,
  "options": {
    "validateUpsert": true
  },
  "properties": {
    "posicaoCombinacao": {
      "type": "number"
    },
    "dataExecucao": {
      "type": "string"
    },
    "mediaLucro": {
      "type": "number"
    },
    "mediaPrejuizo": {
      "type": "number"
    },
    "descricao": {
      "type": "string"
    },
    "processada": {
      "type": "number"
    }
  },
  "validations": [],
  "relations": {
    "valorParametros": {
      "type": "hasMany",
      "model": "ValorParametro",
      "foreignKey": ""
    },
    "execucaoSimulacaos": {
      "type": "hasMany",
      "model": "ExecucaoSimulacao",
      "foreignKey": ""
    },
    "regraSimulacao": {
      "type": "belongsTo",
      "model": "RegraSimulacao",
      "foreignKey": ""
    }
  },
  "acls": [],
  "methods": {
    "GetProximoExecucao": {
      "accepts": [
        {
          "arg": "idExperimento",
          "type": "number",
          "required": false,
          "description": ""
        }
      ],
      "returns": [
        {
          "arg": "combinacao",
          "type": "object",
          "root": true,
          "description": ""
        }
      ],
      "description": "",
      "http": [
        {
          "path": "/getProximoExecucao",
          "verb": "get"
        }
      ]
    },
    "GetListaExecucao": {
      "accepts": [
        {
          "arg": "idExperimento",
          "type": "number",
          "required": false,
          "description": ""
        }
      ],
      "returns": [
        {
          "arg": "lista",
          "type": "array",
          "root": true,
          "description": ""
        }
      ],
      "description": "",
      "http": [
        {
          "path": "/getListaExecucao",
          "verb": "get"
        }
      ]
    },
    "AlteraDescricao": {
      "accepts": [
        {
          "arg": "id",
          "type": "number",
          "required": false,
          "description": ""
        },
        {
          "arg": "descricao",
          "type": "string",
          "required": false,
          "description": ""
        }
      ],
      "returns": [
        {
          "arg": "saida",
          "type": "object",
          "root": true,
          "description": ""
        }
      ],
      "description": "",
      "http": [
        {
          "path": "/alteraDescricao",
          "verb": "post"
        }
      ]
    }
  }
}
