{
  "name": "DataSet",
  "base": "PersistedModel",
  "idInjection": true,
  "options": {
    "validateUpsert": true
  },
  "properties": {
    "nome": {
      "type": "string"
    },
    "objetivo": {
      "type": "string"
    },
    "nomeTabela": {
      "type": "string"
    },
    "quantidadeInput": {
      "type": "number"
    }
  },
  "validations": [],
  "relations": {
    "atributoDataSets": {
      "type": "hasMany",
      "model": "AtributoDataSet",
      "foreignKey": ""
    }
  },
  "acls": [],
  "methods": {}
}
