{
  "name": "RegraSimulacao",
  "base": "PersistedModel",
  "idInjection": true,
  "options": {
    "validateUpsert": true
  },
  "properties": {
    "nome": {
      "type": "string"
    },
    "nomeClasse": {
      "type": "string"
    },
    "descricao": {
      "type": "string"
    },
    "dataCriacao": {
      "type": "string"
    },
    "permiteEdicao": {
      "type": "number"
    }
  },
  "validations": [],
  "relations": {
    "parametroRegras": {
      "type": "hasMany",
      "model": "ParametroRegra",
      "foreignKey": ""
    }
  },
  "acls": [],
  "methods": {}
}
