{
  "name": "Trade",
  "base": "PersistedModel",
  "idInjection": true,
  "options": {
    "validateUpsert": true
  },
  "properties": {
    "precoEntrada": {
      "type": "number"
    },
    "dataEntradaNum": {
      "type": "number"
    },
    "dataHoraEntrada": {
      "type": "string"
    },
    "precoSaida": {
      "type": "number"
    },
    "dataSaidaNum": {
      "type": "number"
    },
    "dataHoraSaida": {
      "type": "string"
    },
    "lucroPrejuizo": {
      "type": "string"
    },
    "percentual": {
      "type": "number"
    },
    "quantidadeDia": {
      "type": "number"
    }
  },
  "validations": [],
  "relations": {},
  "acls": [],
  "methods": {}
}
